{"createdVizVersion":"7.0.0","watchos_longlooknotificationicon_42":"","wap_android240_fontsize":"12","mwaddrkey":"","watchos_notificationcentericon_38":"","createdgaversion":"7.0.0","wap_android640_fontsize":"12","winmobileguidkey":"","desktopwebbasefontsize":"12","watchos_shortlooknotificationicon_42":"","wap_spaandroidtab_fontsize":"12","apppackagekey":"","startupformkey":"frmMainPage","wap_bb440_fontsize":"12","wap_spaandroidtabldpi_fontsize":"12","isA11yConfigEnabled":false,"wap_android480_fontsize":"12","wap_spawindowstab_fontsize":"12","wap_winphone320_fontsize":"12","defaulttheme":"defaultTheme","watchos_longlooknotificationicon_38":"","watchos_notificationcentericon_42":"","enableactionbar":false,"appmenu":{"focusSkin":"","tablet":{"data":[{"id":"appmenuitemid1","icon":{"default":"option1.png"},"title":"Item 1","android":{"showAsFlag":0},"kuid":"32b651fb9c2f4ae0b72742e539c48e7b","windows8":{"position":"BOTTOM_LEFT","appBarButtonStyle":"No Style"}},{"id":"appmenuitemid2","icon":{"default":"option2.png"},"title":"Item 2","android":{"showAsFlag":0},"kuid":"bc0e709e8b5a46e1bae3da26b88c506d","windows8":{"position":"BOTTOM_LEFT","appBarButtonStyle":"No Style"}},{"id":"appmenuitemid3","icon":{"default":"option3.png"},"title":"Item 3","android":{"showAsFlag":0},"kuid":"4521db421d7e4a238ba9aba9be4c108a","windows8":{"position":"BOTTOM_LEFT","appBarButtonStyle":"No Style"}},{"id":"appmenuitemid4","icon":{"default":"option4.png"},"title":"Item 4","android":{"showAsFlag":0},"kuid":"208954b56c124e48a872c44e45fd862b","windows8":{"position":"BOTTOM_LEFT","appBarButtonStyle":"No Style"}}]},"osVersion":"iOS7","wType":"Appmenu","focusskin":"","osPlatform":"","context":{"platform":"iphone","channel":"mobile"},"desktop":{"data":[{"id":"appmenuitemid1","icon":{"default":"option1.png"},"title":"Item 1","kuid":"1c7eee565bff4315820c611fbf518294"},{"id":"appmenuitemid2","icon":{"default":"option2.png"},"title":"Item 2","kuid":"dbe54c1d55544063a8677296ebca7fcc"},{"id":"appmenuitemid3","icon":{"default":"option3.png"},"title":"Item 3","kuid":"26e50d4c830f4f4aabe6c1f0bc4f2e0c"},{"id":"appmenuitemid4","icon":{"default":"option4.png"},"title":"Item 4","kuid":"0408090e919849a08e56b78ceb3df747"}]},"skin":"","mobile":{"data":[]}},"wap_android360_fontsize":"12","project.type":"js","appversionkey":"1.0.0","mwportkey":"","wap_bb400_fontsize":"12","isNewAppWithRespectToAndroidPackageName":"","build":"debug","wap_android320_fontsize":"12","statusBarHidden":"false","wap_winphone480_fontsize":"12","export.type":"studioviz","wap_bb240_fontsize":"12","wap_bb480_fontsize":"12","wap_spaandroidtabmdpi_fontsize":"12","wap_bb320_fontsize":"12","project_version":"sprint22","wap_android400_fontsize":"12","appaddrkey":"","wap_ip_fontsize":"12","watchos_shortlooknotificationicon_38":"","appidkey":"Buffer","currentgaversion":"7.0.0","mwhttpsportkey":"","vendornamekey":"KonyLabs","konyVizVersion":"7.0.0","appnamekey":"Notify","APPLICATION_THEME":"default","wap_android440_fontsize":"12","wap_spaipad_fontsize":"12","wap_spaandroidtabhdpi_fontsize":"12","nativeContainerProperties":{"isModified":false,"isEnableJSContaineriOS":false,"isEnableJSContainerAndroid":false,"isEnableJSContainer":false},"wap_bb360_fontsize":"12"}