{
    "@class": "com.kony.gen.viz.model.component.KVizLabel",
    "DNDConfig": null,
    "__parentReadjusting__": false,
    "_height_": {
        "type": "string",
        "value": "15%"
    },
    "_left_": {
        "type": "string",
        "value": "33%"
    },
    "_margin_": [
        1,
        1,
        1,
        1
    ],
    "_padding_": [
        0,
        0,
        0,
        0
    ],
    "_skin_": "s6f723016e194f64978b576a5c396131",
    "_text_": "",
    "_top_": {
        "type": "string",
        "value": "65%"
    },
    "_width_": {
        "type": "string",
        "value": "0.20%"
    },
    "_wrapping_": 2,
    "android": {
        "textStyle": {
            "letterSpacing": 0,
            "strikeThrough": false
        }
    },
    "canUpdateUI": true,
    "containerweight": 100,
    "contentalignment": 4,
    "id": "CopyLabel023313f6019e24a",
    "info": null,
    "ipad": {
        "psp": {
            "wrapping": 2
        }
    },
    "iphone": {
        "psp": {
            "wrapping": 2
        }
    },
    "isvisible": true,
    "kuid": "2865fb177a77467286952f9c9337a3ae",
    "name": "kony.ui.Label",
    "parent": "frmMainPage",
    "pf": "frmMainPage",
    "tooltip": "",
    "wType": "Label",
    "zindex": 2
}