{
    "DNDConfig": null,
    "__parentReadjusting__": false,
    "_height_": {
        "type": "string",
        "value": "13%"
    },
    "_left_": {
        "type": "string",
        "value": "7.51%"
    },
    "_margin_": [
        0,
        0,
        0,
        0
    ],
    "_orientation_": 6,
    "_padding_": [
        0,
        0,
        0,
        0
    ],
    "_percent_": true,
    "_skin_": "s67d09d1c7704352abaefe78633d890b",
    "_top_": {
        "type": "string",
        "value": "64.00%"
    },
    "_width_": {
        "type": "string",
        "value": "18.62%"
    },
    "allboxes": [],
    "autogrowmode": 0,
    "canUpdateUI": true,
    "children": [
        "Image0ae2d6a43f08643"
    ],
    "clipbounds": true,
    "containerweight": 100,
    "enablescrolling": true,
    "id": "flxCampaign",
    "ide_onClick": "AS_FlexContainer_bb4f8fcd73494a7ba4d02385330947ff",
    "info": null,
    "isvisible": true,
    "kuid": "330a9020edb2445ba3a4bf522b2f2006",
    "layouttype": 2,
    "name": "kony.ui.FlexContainer",
    "parent": "frmMainPage",
    "pf": "frmMainPage",
    "snapgridsize": 10,
    "snaptogrid": true,
    "wType": "FlexContainer",
    "widgetalignment": 1,
    "zindex": 1
}