{
    "DNDConfig": null,
    "__parentReadjusting__": false,
    "_height_": {
        "type": "string",
        "value": "12%"
    },
    "_left_": {
        "type": "string",
        "value": "76%"
    },
    "_margin_": [
        0,
        0,
        0,
        0
    ],
    "_orientation_": 6,
    "_padding_": [
        0,
        0,
        0,
        0
    ],
    "_percent_": true,
    "_skin_": "s67d09d1c7704352abaefe78633d890b",
    "_top_": {
        "type": "string",
        "value": "65.54%"
    },
    "_width_": {
        "type": "string",
        "value": "17%"
    },
    "allboxes": [],
    "autogrowmode": 0,
    "canUpdateUI": true,
    "children": [
        "Image0eb42644195d04f"
    ],
    "clipbounds": true,
    "containerweight": 100,
    "enablescrolling": true,
    "id": "flxEmergency",
    "ide_onClick": "AS_FlexContainer_115344078b06410ab605f6cb5d71f24d",
    "info": null,
    "isvisible": true,
    "kuid": "62743f68583f44989862e5cffa4bc30c",
    "layouttype": 2,
    "name": "kony.ui.FlexContainer",
    "parent": "frmMainPage",
    "pf": "frmMainPage",
    "snapgridsize": 10,
    "snaptogrid": true,
    "wType": "FlexContainer",
    "widgetalignment": 1,
    "zindex": 2
}