{
    "DNDConfig": null,
    "__parentReadjusting__": false,
    "_height_": {
        "type": "string",
        "value": "12.46%"
    },
    "_margin_": [
        0,
        0,
        0,
        0
    ],
    "_orientation_": 6,
    "_padding_": [
        0,
        0,
        0,
        0
    ],
    "_percent_": true,
    "_skin_": "s67d09d1c7704352abaefe78633d890b",
    "_top_": {
        "type": "string",
        "value": "65.54%"
    },
    "_width_": {
        "type": "string",
        "value": "17.18%"
    },
    "allboxes": [],
    "autogrowmode": 0,
    "canUpdateUI": true,
    "centerx": {
        "type": "string",
        "value": "50%"
    },
    "children": [
        "Image0f460792ce93846"
    ],
    "clipbounds": true,
    "containerweight": 100,
    "enablescrolling": true,
    "id": "flxHealthCare",
    "ide_onClick": "AS_FlexContainer_ba619401afc34674b90f5923274f9259",
    "info": null,
    "isvisible": true,
    "kuid": "be4a02f3cb8f4d0eadcb52b8d034de79",
    "layouttype": 2,
    "name": "kony.ui.FlexContainer",
    "parent": "frmMainPage",
    "pf": "frmMainPage",
    "snapgridsize": 10,
    "snaptogrid": true,
    "wType": "FlexContainer",
    "widgetalignment": 1,
    "zindex": 2
}