{
    "DNDConfig": null,
    "__parentReadjusting__": false,
    "_height_": {
        "type": "string",
        "value": "8%"
    },
    "_margin_": [
        0,
        0,
        0,
        0
    ],
    "_orientation_": 6,
    "_padding_": [
        0,
        0,
        0,
        0
    ],
    "_percent_": true,
    "_skin_": "s78b768786b94a0fa88b8e4d30e736f7",
    "_top_": {
        "type": "string",
        "value": "70%"
    },
    "_width_": {
        "type": "string",
        "value": "30%"
    },
    "allboxes": [],
    "autogrowmode": 0,
    "canUpdateUI": true,
    "centerx": {
        "type": "string",
        "value": "50%"
    },
    "children": [
        "Label047ff3936f1b149"
    ],
    "clipbounds": true,
    "containerweight": 100,
    "enablescrolling": true,
    "id": "flxLoginButton",
    "info": null,
    "isvisible": true,
    "kuid": "e0c4b70bd7d7410e9bd5bea3bbc757a5",
    "layouttype": 2,
    "name": "kony.ui.FlexContainer",
    "parent": "flxTitleBar",
    "pf": "frmMainPage",
    "snapgridsize": 10,
    "snaptogrid": true,
    "wType": "FlexContainer",
    "widgetalignment": 1,
    "zindex": 6
}