{
    "@class": "com.kony.gen.viz.model.component.KVizImage2",
    "DNDConfig": null,
    "__parentReadjusting__": false,
    "_base64_": null,
    "_height_": {
        "type": "string",
        "value": "22%"
    },
    "_margin_": [
        0,
        0,
        0,
        0
    ],
    "_padding_": [
        0,
        0,
        0,
        0
    ],
    "_skin_": "sf0502fffe624169b80d53436a6a47ee",
    "_src_": "notify.png",
    "_top_": {
        "type": "string",
        "value": "10%"
    },
    "_width_": {
        "type": "string",
        "value": "40%"
    },
    "canUpdateUI": true,
    "centerx": {
        "type": "string",
        "value": "50%"
    },
    "containerweight": 100,
    "context": {
        "channel": "mobile",
        "formID": "frmMainPage",
        "platform": "iphone",
        "templateType": "forms",
        "topLevelBox": null
    },
    "id": "Image0a711a93a37294b",
    "imagescalemode": 1,
    "info": null,
    "invokedProperty": "src",
    "isvisible": true,
    "kuid": "ea8e348c3afa47cc9c2baa1ae1477ab9",
    "name": "kony.ui.Image2",
    "parent": "frmMainPage",
    "pf": "frmMainPage",
    "srcType": 1,
    "wType": "Image",
    "widgetalignment": 5,
    "zindex": 5
}