{
    "@class": "com.kony.gen.viz.model.component.KVizImage2",
    "DNDConfig": null,
    "__parentReadjusting__": false,
    "_base64_": null,
    "_height_": {
        "type": "string",
        "value": "100%"
    },
    "_left_": {
        "type": "string",
        "value": "0%"
    },
    "_margin_": [
        0,
        0,
        0,
        0
    ],
    "_padding_": [
        0,
        0,
        0,
        0
    ],
    "_skin_": "sf0502fffe624169b80d53436a6a47ee",
    "_src_": "campaign.png",
    "_top_": {
        "type": "string",
        "value": "0%"
    },
    "_width_": {
        "type": "string",
        "value": "100%"
    },
    "canUpdateUI": true,
    "containerweight": 100,
    "context": {
        "channel": "mobile",
        "formID": "frmMainPage",
        "platform": "iphone",
        "templateType": "forms",
        "topLevelBox": null
    },
    "id": "Image0ae2d6a43f08643",
    "imagescalemode": 1,
    "info": null,
    "isvisible": true,
    "kuid": "dca868fdeb1a45d48596df9ee0498d6d",
    "name": "kony.ui.Image2",
    "parent": "flxCampaign",
    "pf": "frmMainPage",
    "srcType": 1,
    "wType": "Image",
    "widgetalignment": 5
}