{
    "DNDConfig": null,
    "_height_": {
        "type": "string",
        "value": "30%"
    },
    "_margin_": [
        0,
        0,
        0,
        0
    ],
    "_orientation_": 6,
    "_padding_": [
        0,
        0,
        0,
        0
    ],
    "_percent_": true,
    "_skin_": "sb83365092cc4b06b995cd4e65bec7db",
    "allboxes": [],
    "autogrowmode": 0,
    "canUpdateUI": true,
    "children": [
        "FlexContainer0eef9df92304846"
    ],
    "clipbounds": true,
    "containerId": true,
    "containerweight": 100,
    "enablescrolling": true,
    "id": "flexTemplate",
    "info": null,
    "isTemplate": true,
    "isvisible": true,
    "kuid": "ba3958bdec3f48d794238911ff30181b",
    "layouttype": 2,
    "name": "kony.ui.FlexContainer",
    "parent": "campaingn",
    "pf": "campaingn",
    "snapgridsize": 10,
    "snaptogrid": true,
    "wType": "FlexContainer",
    "widgetalignment": 1
}