{
    "AS_Button_3885911dee36427b95de398d4e57cf47": {
        "id": "AS_Button_3885911dee36427b95de398d4e57cf47",
        "type": "ACTION_SEQUENCE",
        "params": [{
            "datatype": "collection",
            "name": "eventobject"
        }],
        "contextObj": {
            "name": "frmCampaign",
            "type": "forms",
            "platform": "",
            "KUID": "68f2242424ef48e4b5dd3edff55d571e"
        },
        "actions": [{
            "id": "ADD_SNIPPET__764fc03c58a5407fbf997e9000a82c43",
            "type": "ADD_SNIPPET",
            "codeSnippet": "onClickOfPost();",
            "parentId": null,
            "callbackType": null
        }]
    }
}