{
    "AS_Button_a470fb962a8344f4a1f823f94f20abc0": {
        "id": "AS_Button_a470fb962a8344f4a1f823f94f20abc0",
        "type": "ACTION_SEQUENCE",
        "params": [{
            "datatype": "collection",
            "name": "eventobject"
        }],
        "contextObj": {
            "name": "frmCampaign",
            "type": "forms",
            "platform": "",
            "KUID": "68f2242424ef48e4b5dd3edff55d571e"
        },
        "actions": [{
            "id": "ADD_SNIPPET__1f11313830004600b3816659d767b144",
            "type": "ADD_SNIPPET",
            "codeSnippet": "onClickOfCreateCampaign(false);",
            "parentId": null,
            "callbackType": null
        }]
    }
}