{
    "AS_Button_d4a0afdf33644a2d82eaaa2b9ccc01a9": {
        "id": "AS_Button_d4a0afdf33644a2d82eaaa2b9ccc01a9",
        "type": "ACTION_SEQUENCE",
        "params": [{
            "datatype": "collection",
            "name": "eventobject"
        }],
        "contextObj": {
            "name": "Form0d4f237292ef345",
            "type": "forms",
            "platform": "",
            "KUID": "69090f2286ac432ea2c7ad3b9bac8800"
        },
        "actions": [{
            "id": "INVOKE_FUNCTION___6ee4a4e98303488a9bda5d429e8190d8",
            "type": "INVOKE_FUNCTION",
            "sequenceKUID": "sendSMS",
            "display": "sendSMS",
            "inputparams": [],
            "parentId": null,
            "callbackType": null
        }]
    }
}