{
    "AS_Button_64ef041177f2408d8db6b329df1239af": {
        "id": "AS_Button_64ef041177f2408d8db6b329df1239af",
        "type": "ACTION_SEQUENCE",
        "params": [{
            "datatype": "collection",
            "name": "eventobject"
        }],
        "contextObj": {
            "name": "frmCampaign",
            "type": "forms",
            "platform": "",
            "KUID": "68f2242424ef48e4b5dd3edff55d571e"
        },
        "actions": [{
            "id": "ADD_SNIPPET__857b7f2f073d478aa617bf615333f17a",
            "type": "ADD_SNIPPET",
            "codeSnippet": "addImageFromDevice();",
            "parentId": null,
            "callbackType": null
        }]
    }
}