{
    "AS_FlexContainer_ba619401afc34674b90f5923274f9259": {
        "id": "AS_FlexContainer_ba619401afc34674b90f5923274f9259",
        "type": "ACTION_SEQUENCE",
        "params": [{
            "datatype": "collection",
            "name": "eventobject"
        }],
        "contextObj": {
            "name": "frmMainPage",
            "type": "forms",
            "platform": "",
            "KUID": "1b1eccd58a794963a8f82db1cb231072"
        },
        "actions": [{
            "id": "ADD_SNIPPET__bc50064fa59849af983cd2ee3a5bac68",
            "type": "ADD_SNIPPET",
            "codeSnippet": "frmHealthCare.show();",
            "parentId": null,
            "callbackType": null
        }]
    }
}