{
    "AS_FlexContainer_33566fc0c5ce4d1181370848d5ae5b8b": {
        "id": "AS_FlexContainer_33566fc0c5ce4d1181370848d5ae5b8b",
        "type": "ACTION_SEQUENCE",
        "params": [{
            "datatype": "collection",
            "name": "eventobject"
        }],
        "contextObj": {
            "name": "frmCampaign",
            "type": "forms",
            "platform": "",
            "KUID": "68f2242424ef48e4b5dd3edff55d571e"
        },
        "actions": [{
            "id": "ADD_SNIPPET__fe3cda291968454f97020a748457fbab",
            "type": "ADD_SNIPPET",
            "codeSnippet": "onClickOfCreateCampaign(true);",
            "parentId": null,
            "callbackType": null
        }]
    }
}