{
    "AS_Form_39c9bc6deca5438980f1fb510b97fb9c": {
        "id": "AS_Form_39c9bc6deca5438980f1fb510b97fb9c",
        "type": "ACTION_SEQUENCE",
        "params": [{
            "datatype": "collection",
            "name": "eventobject"
        }],
        "contextObj": {
            "name": "frmMainPage",
            "type": "forms",
            "platform": "",
            "KUID": "1b1eccd58a794963a8f82db1cb231072"
        },
        "actions": [{
            "id": "INVOKE_FUNCTION___454fe253cf9940ef8c9dcb1c328bf5af",
            "type": "INVOKE_FUNCTION",
            "sequenceKUID": "preShowFunction",
            "display": "preShowFunction",
            "inputparams": [],
            "parentId": null,
            "callbackType": null
        }]
    }
}