{
    "AS_FlexContainer_21406309a1fc419d88d79becde791132": {
        "id": "AS_FlexContainer_21406309a1fc419d88d79becde791132",
        "type": "ACTION_SEQUENCE",
        "params": [{
            "datatype": "collection",
            "name": "eventobject"
        }],
        "actions": [{
            "id": "ADD_SNIPPET_ide_onClick_78d7166739ce409b9511acfc964a7128",
            "type": "ADD_SNIPPET",
            "codeSnippet": "frmMainPage.show();",
            "callbackType": null
        }]
    }
}