{
    "AS_FlexContainer_115344078b06410ab605f6cb5d71f24d": {
        "id": "AS_FlexContainer_115344078b06410ab605f6cb5d71f24d",
        "type": "ACTION_SEQUENCE",
        "params": [{
            "datatype": "collection",
            "name": "eventobject"
        }],
        "contextObj": {
            "name": "frmMainPage",
            "type": "forms",
            "platform": "",
            "KUID": "1b1eccd58a794963a8f82db1cb231072"
        },
        "actions": [{
            "id": "ADD_SNIPPET__4925896776d64ea5954ad5be625b6f63",
            "type": "ADD_SNIPPET",
            "codeSnippet": "frmEmergency.show();",
            "parentId": null,
            "callbackType": null
        }]
    }
}