{
    "AS_Form_00a1d334deef42a1a0d6addd2fbce9c3": {
        "id": "AS_Form_00a1d334deef42a1a0d6addd2fbce9c3",
        "type": "ACTION_SEQUENCE",
        "params": [{
            "datatype": "collection",
            "name": "eventobject"
        }],
        "contextObj": {
            "name": "frmCampaign",
            "type": "forms",
            "platform": "",
            "KUID": "68f2242424ef48e4b5dd3edff55d571e"
        },
        "actions": [{
            "id": "ADD_SNIPPET__d947c816000b4c359540284e486a0468",
            "type": "ADD_SNIPPET",
            "codeSnippet": "mapData();",
            "parentId": null,
            "callbackType": null
        }]
    }
}