{
    "AS_FlexContainer_d432cfc63f924914bc3b27943da7b33d": {
        "id": "AS_FlexContainer_d432cfc63f924914bc3b27943da7b33d",
        "type": "ACTION_SEQUENCE",
        "params": [{
            "datatype": "collection",
            "name": "eventobject"
        }],
        "actions": [{
            "id": "ADD_SNIPPET_ide_onClick_3e4421f14792439ab5be07fceab01187",
            "type": "ADD_SNIPPET",
            "codeSnippet": "onClickOfCreateCampaign(true);\nfrmCampaign.show();",
            "callbackType": null
        }]
    }
}