{
    "AS_FlexContainer_8a041b2bb00241d4822ae2fa7413fa73": {
        "id": "AS_FlexContainer_8a041b2bb00241d4822ae2fa7413fa73",
        "type": "ACTION_SEQUENCE",
        "params": [{
            "datatype": "collection",
            "name": "eventobject"
        }],
        "actions": [{
            "id": "ADD_SNIPPET_ide_onClick_2f563b45d22e44e484268a08f29db97f",
            "type": "ADD_SNIPPET",
            "codeSnippet": "frmMainPage.show();",
            "callbackType": null
        }]
    }
}