{
    "AS_Form_4ccd7f96c2154d21bd6de824c6425f71": {
        "id": "AS_Form_4ccd7f96c2154d21bd6de824c6425f71",
        "type": "ACTION_SEQUENCE",
        "params": [{
            "datatype": "collection",
            "name": "eventobject"
        }],
        "contextObj": {
            "name": "frmMainPage",
            "type": "forms",
            "platform": "",
            "KUID": "1b1eccd58a794963a8f82db1cb231072"
        },
        "actions": [{
            "id": "INVOKE_FUNCTION___417fe61b19ee4bb3b08e41d75037eb59",
            "type": "INVOKE_FUNCTION",
            "sequenceKUID": "preShowFunction",
            "display": "preShowFunction",
            "inputparams": [],
            "parentId": null,
            "callbackType": null
        }]
    }
}