{
    "AS_FlexContainer_bb4f8fcd73494a7ba4d02385330947ff": {
        "id": "AS_FlexContainer_bb4f8fcd73494a7ba4d02385330947ff",
        "type": "ACTION_SEQUENCE",
        "params": [{
            "datatype": "collection",
            "name": "eventobject"
        }],
        "contextObj": {
            "name": "frmMainPage",
            "type": "forms",
            "platform": "",
            "KUID": "1b1eccd58a794963a8f82db1cb231072"
        },
        "actions": [{
            "id": "ADD_SNIPPET__0b8de753bce34d1da6b0e728dd75d905",
            "type": "ADD_SNIPPET",
            "codeSnippet": "frmCampaign.flexOrganizeCampScroll.left = \"110%\";\nmapData();\nfrmCampaign.show();",
            "parentId": null,
            "callbackType": null
        }]
    }
}