{
    "AS_Image_38f8cabbd4164ffdb209821c74bbf450": {
        "id": "AS_Image_38f8cabbd4164ffdb209821c74bbf450",
        "type": "ACTION_SEQUENCE",
        "params": [{
            "datatype": "collection",
            "name": "eventobject"
        }, {
            "datatype": "string",
            "name": "x"
        }, {
            "datatype": "string",
            "name": "y"
        }],
        "contextObj": {
            "name": "frmMainPage",
            "type": "forms",
            "platform": "",
            "KUID": "1b1eccd58a794963a8f82db1cb231072"
        },
        "actions": [{
            "id": "ADD_SNIPPET__ee01f8e9d57145a98251ed051dc82cc8",
            "type": "ADD_SNIPPET",
            "codeSnippet": "frmCampaign.show();",
            "parentId": null,
            "callbackType": null
        }]
    }
}