{
    "AS_Segment_a3c589f1b0504b70aa6390a9202a839a": {
        "id": "AS_Segment_a3c589f1b0504b70aa6390a9202a839a",
        "type": "ACTION_SEQUENCE",
        "params": [{
            "datatype": "collection",
            "name": "eventobject"
        }, {
            "datatype": "number",
            "name": "sectionNumber"
        }, {
            "datatype": "number",
            "name": "rowNumber"
        }],
        "contextObj": {
            "name": "frmCampaign",
            "type": "forms",
            "platform": "",
            "KUID": "68f2242424ef48e4b5dd3edff55d571e"
        },
        "actions": [{
            "id": "ADD_SNIPPET__0d98a09cff394962a61acd8cc922a9a2",
            "type": "ADD_SNIPPET",
            "codeSnippet": "onSegmentRowClick();",
            "parentId": null,
            "callbackType": null
        }]
    }
}