{
  "android": {
    "font_size": 600,
    "isForked": false
  },
  "background_color": "ffffffff",
  "bg_type": "one",
  "border_color": "000000ff",
  "border_style": "plain",
  "border_type": 0,
  "border_width": 0,
  "desktopweb": {
    "font_size": 600,
    "isForked": false
  },
  "fontSizeInPx": false,
  "font_color": "000000",
  "font_size": 600,
  "ipad": {
    "font_size": 600,
    "isForked": false
  },
  "iphone": {
    "font_size": 600,
    "isForked": false
  },
  "isDefaultSkin": false,
  "kiosk": {
    "font_size": 600,
    "isForked": false
  },
  "kuid": "s2a02bd4136043838e07d290d6eeb24d",
  "spaan": {
    "font_size": 600,
    "isForked": false
  },
  "spaandroidtablet": {
    "font_size": 600,
    "isForked": false
  },
  "spabb": {
    "font_size": 600,
    "isForked": false
  },
  "spaip": {
    "font_size": 600,
    "isForked": false
  },
  "spaipad": {
    "font_size": 600,
    "isForked": false
  },
  "spawindowstablet": {
    "font_size": 600,
    "isForked": false
  },
  "spawinphone8": {
    "font_size": 600,
    "isForked": false
  },
  "tabrcandroid": {
    "font_size": 600,
    "isForked": false
  },
  "wType": "Segment",
  "watchos": {
    "font_size": 600,
    "isForked": false
  },
  "windows8": {
    "font_size": 600,
    "isForked": false
  },
  "winphone8": {
    "font_size": 600,
    "isForked": false
  }
}