{
  "android": {
    "background_color": "0000003a",
    "bg_type": "one",
    "isForked": true
  },
  "background_color": "0000008e",
  "bg_type": "one",
  "border_color": "00000000",
  "border_radius": 100,
  "border_style": "custom",
  "border_type": 0,
  "border_width": 1,
  "desktopweb": {
    "background_color": "0000003a",
    "bg_type": "one",
    "bottom_left_border_color": "00000000",
    "bottom_left_border_style": "plain",
    "bottom_left_border_width": 1,
    "bottom_right_border_color": "00000000",
    "bottom_right_border_style": "plain",
    "bottom_right_border_width": 1,
    "isForked": true,
    "shadow": {
      "br": 84,
      "color": "000000",
      "inner": false,
      "nm": 0,
      "x": 48,
      "y": 29
    },
    "top_left_border_color": "00000000",
    "top_left_border_style": "plain",
    "top_left_border_width": 1,
    "top_right_border_color": "00000000",
    "top_right_border_style": "plain",
    "top_right_border_width": 1
  },
  "ipad": {
    "background_color": "0000003a",
    "bg_type": "one",
    "isForked": true,
    "shadow": {
      "br": 84,
      "color": "000000",
      "inner": false,
      "nm": 0,
      "x": 48,
      "y": 29
    }
  },
  "iphone": {
    "background_color": "0000003a",
    "bg_type": "one",
    "isForked": true,
    "shadow": {
      "br": 84,
      "color": "000000",
      "inner": false,
      "nm": 0,
      "x": 48,
      "y": 29
    }
  },
  "isDefaultSkin": false,
  "kiosk": {
    "background_color": "0000003a",
    "bg_type": "one",
    "isForked": true
  },
  "kuid": "s0d8847a7716491cba692bc7db208fe4",
  "spaan": {
    "background_color": "0000003a",
    "bg_type": "one",
    "bottom_left_border_color": "00000000",
    "bottom_left_border_style": "plain",
    "bottom_left_border_width": 1,
    "bottom_right_border_color": "00000000",
    "bottom_right_border_style": "plain",
    "bottom_right_border_width": 1,
    "isForked": true,
    "shadow": {
      "br": 84,
      "color": "000000",
      "inner": false,
      "nm": 0,
      "x": 48,
      "y": 29
    },
    "top_left_border_color": "00000000",
    "top_left_border_style": "plain",
    "top_left_border_width": 1,
    "top_right_border_color": "00000000",
    "top_right_border_style": "plain",
    "top_right_border_width": 1
  },
  "spaandroidtablet": {
    "background_color": "0000003a",
    "bg_type": "one",
    "bottom_left_border_color": "00000000",
    "bottom_left_border_style": "plain",
    "bottom_left_border_width": 1,
    "bottom_right_border_color": "00000000",
    "bottom_right_border_style": "plain",
    "bottom_right_border_width": 1,
    "isForked": true,
    "shadow": {
      "br": 84,
      "color": "000000",
      "inner": false,
      "nm": 0,
      "x": 48,
      "y": 29
    },
    "top_left_border_color": "00000000",
    "top_left_border_style": "plain",
    "top_left_border_width": 1,
    "top_right_border_color": "00000000",
    "top_right_border_style": "plain",
    "top_right_border_width": 1
  },
  "spabb": {
    "background_color": "0000003a",
    "bg_type": "one",
    "bottom_left_border_color": "00000000",
    "bottom_left_border_style": "plain",
    "bottom_left_border_width": 1,
    "bottom_right_border_color": "00000000",
    "bottom_right_border_style": "plain",
    "bottom_right_border_width": 1,
    "isForked": true,
    "shadow": {
      "br": 84,
      "color": "000000",
      "inner": false,
      "nm": 0,
      "x": 48,
      "y": 29
    },
    "top_left_border_color": "00000000",
    "top_left_border_style": "plain",
    "top_left_border_width": 1,
    "top_right_border_color": "00000000",
    "top_right_border_style": "plain",
    "top_right_border_width": 1
  },
  "spaip": {
    "background_color": "0000003a",
    "bg_type": "one",
    "bottom_left_border_color": "00000000",
    "bottom_left_border_style": "plain",
    "bottom_left_border_width": 1,
    "bottom_right_border_color": "00000000",
    "bottom_right_border_style": "plain",
    "bottom_right_border_width": 1,
    "isForked": true,
    "shadow": {
      "br": 84,
      "color": "000000",
      "inner": false,
      "nm": 0,
      "x": 48,
      "y": 29
    },
    "top_left_border_color": "00000000",
    "top_left_border_style": "plain",
    "top_left_border_width": 1,
    "top_right_border_color": "00000000",
    "top_right_border_style": "plain",
    "top_right_border_width": 1
  },
  "spaipad": {
    "background_color": "0000003a",
    "bg_type": "one",
    "bottom_left_border_color": "00000000",
    "bottom_left_border_style": "plain",
    "bottom_left_border_width": 1,
    "bottom_right_border_color": "00000000",
    "bottom_right_border_style": "plain",
    "bottom_right_border_width": 1,
    "isForked": true,
    "shadow": {
      "br": 84,
      "color": "000000",
      "inner": false,
      "nm": 0,
      "x": 48,
      "y": 29
    },
    "top_left_border_color": "00000000",
    "top_left_border_style": "plain",
    "top_left_border_width": 1,
    "top_right_border_color": "00000000",
    "top_right_border_style": "plain",
    "top_right_border_width": 1
  },
  "spawindowstablet": {
    "background_color": "0000003a",
    "bg_type": "one",
    "bottom_left_border_color": "00000000",
    "bottom_left_border_style": "plain",
    "bottom_left_border_width": 1,
    "bottom_right_border_color": "00000000",
    "bottom_right_border_style": "plain",
    "bottom_right_border_width": 1,
    "isForked": true,
    "shadow": {
      "br": 84,
      "color": "000000",
      "inner": false,
      "nm": 0,
      "x": 48,
      "y": 29
    },
    "top_left_border_color": "00000000",
    "top_left_border_style": "plain",
    "top_left_border_width": 1,
    "top_right_border_color": "00000000",
    "top_right_border_style": "plain",
    "top_right_border_width": 1
  },
  "spawinphone8": {
    "background_color": "0000003a",
    "bg_type": "one",
    "bottom_left_border_color": "00000000",
    "bottom_left_border_style": "plain",
    "bottom_left_border_width": 1,
    "bottom_right_border_color": "00000000",
    "bottom_right_border_style": "plain",
    "bottom_right_border_width": 1,
    "isForked": true,
    "shadow": {
      "br": 84,
      "color": "000000",
      "inner": false,
      "nm": 0,
      "x": 48,
      "y": 29
    },
    "top_left_border_color": "00000000",
    "top_left_border_style": "plain",
    "top_left_border_width": 1,
    "top_right_border_color": "00000000",
    "top_right_border_style": "plain",
    "top_right_border_width": 1
  },
  "tabrcandroid": {
    "background_color": "0000003a",
    "bg_type": "one",
    "isForked": true
  },
  "wType": "FlexContainer",
  "windows8": {
    "background_color": "0000003a",
    "bg_type": "one",
    "isForked": true
  },
  "winphone8": {
    "background_color": "0000003a",
    "bg_type": "one",
    "isForked": true
  }
}