{
  "android": {
    "background_gradient_bottom_color": "666666ff",
    "background_gradient_top_color": "a7aaabff",
    "background_style": "vg",
    "bg_type": "two",
    "border_color": "ffffff00",
    "border_radius": 64,
    "border_style": "custom",
    "border_type": 0,
    "border_width": 1,
    "font_size": 96,
    "isForked": true,
    "text_shadow": {
      "br": 0,
      "color": "000000ff",
      "x": 0,
      "y": -1
    }
  },
  "background_color": "d62c3aff",
  "bg_type": "one",
  "border_color": "ffffffff",
  "border_style": "plain",
  "border_type": 0,
  "border_width": 0,
  "desktopweb": {
    "background_gradient_bottom_color": "666666ff",
    "background_gradient_top_color": "a7aaabff",
    "background_style": "vg",
    "bg_type": "two",
    "bottom_left_border_color": "ffffffff",
    "bottom_left_border_style": "plain",
    "bottom_left_border_width": 0,
    "bottom_right_border_color": "ffffffff",
    "bottom_right_border_style": "plain",
    "bottom_right_border_width": 0,
    "font_size": 96,
    "isForked": true,
    "shadow": {
      "br": 2,
      "color": "000000ff",
      "inner": false,
      "nm": 0,
      "x": 0,
      "y": 2
    },
    "text_shadow": {
      "br": 0,
      "color": "000000ff",
      "x": 0,
      "y": -1
    },
    "top_left_border_color": "ffffffff",
    "top_left_border_style": "plain",
    "top_left_border_width": 0,
    "top_right_border_color": "ffffffff",
    "top_right_border_style": "plain",
    "top_right_border_width": 0
  },
  "fontSizeInPx": false,
  "font_color": "ffffffff",
  "font_name": "Helvetica",
  "font_size": 146,
  "font_style": "normal",
  "font_weight": "normal",
  "ipad": {
    "background_gradient_bottom_color": "666666ff",
    "background_gradient_top_color": "a7aaabff",
    "background_style": "vg",
    "bg_type": "two",
    "border_color": "ffffff00",
    "border_radius": 64,
    "border_style": "custom",
    "border_type": 0,
    "border_width": 1,
    "font_size": 96,
    "isForked": true,
    "text_shadow": {
      "br": 0,
      "color": "000000ff",
      "x": 0,
      "y": -1
    }
  },
  "iphone": {
    "background_gradient_bottom_color": "666666ff",
    "background_gradient_top_color": "a7aaabff",
    "background_style": "vg",
    "bg_type": "two",
    "border_color": "ffffff00",
    "border_radius": 64,
    "border_style": "custom",
    "border_type": 0,
    "border_width": 1,
    "font_size": 96,
    "isForked": true,
    "text_shadow": {
      "br": 0,
      "color": "000000ff",
      "x": 0,
      "y": -1
    }
  },
  "isDefaultSkin": false,
  "kiosk": {
    "background_gradient_bottom_color": "666666ff",
    "background_gradient_top_color": "a7aaabff",
    "background_style": "vg",
    "bg_type": "two",
    "border_color": "ffffff00",
    "border_radius": 64,
    "border_style": "custom",
    "border_type": 0,
    "border_width": 1,
    "font_size": 96,
    "isForked": true
  },
  "kuid": "s89abca92f334b90a602326d4e55014a",
  "spaan": {
    "background_gradient_bottom_color": "666666ff",
    "background_gradient_top_color": "a7aaabff",
    "background_style": "vg",
    "bg_type": "two",
    "bottom_left_border_color": "ffffffff",
    "bottom_left_border_style": "plain",
    "bottom_left_border_width": 0,
    "bottom_right_border_color": "ffffffff",
    "bottom_right_border_style": "plain",
    "bottom_right_border_width": 0,
    "font_size": 96,
    "isForked": true,
    "shadow": {
      "br": 2,
      "color": "000000ff",
      "inner": false,
      "nm": 0,
      "x": 0,
      "y": 2
    },
    "text_shadow": {
      "br": 0,
      "color": "000000ff",
      "x": 0,
      "y": -1
    },
    "top_left_border_color": "ffffffff",
    "top_left_border_style": "plain",
    "top_left_border_width": 0,
    "top_right_border_color": "ffffffff",
    "top_right_border_style": "plain",
    "top_right_border_width": 0
  },
  "spaandroidtablet": {
    "background_gradient_bottom_color": "666666ff",
    "background_gradient_top_color": "a7aaabff",
    "background_style": "vg",
    "bg_type": "two",
    "bottom_left_border_color": "ffffffff",
    "bottom_left_border_style": "plain",
    "bottom_left_border_width": 0,
    "bottom_right_border_color": "ffffffff",
    "bottom_right_border_style": "plain",
    "bottom_right_border_width": 0,
    "font_size": 96,
    "isForked": true,
    "shadow": {
      "br": 2,
      "color": "000000ff",
      "inner": false,
      "nm": 0,
      "x": 0,
      "y": 2
    },
    "text_shadow": {
      "br": 0,
      "color": "000000ff",
      "x": 0,
      "y": -1
    },
    "top_left_border_color": "ffffffff",
    "top_left_border_style": "plain",
    "top_left_border_width": 0,
    "top_right_border_color": "ffffffff",
    "top_right_border_style": "plain",
    "top_right_border_width": 0
  },
  "spabb": {
    "background_gradient_bottom_color": "666666ff",
    "background_gradient_top_color": "a7aaabff",
    "background_style": "vg",
    "bg_type": "two",
    "bottom_left_border_color": "ffffffff",
    "bottom_left_border_style": "plain",
    "bottom_left_border_width": 0,
    "bottom_right_border_color": "ffffffff",
    "bottom_right_border_style": "plain",
    "bottom_right_border_width": 0,
    "font_size": 96,
    "isForked": true,
    "top_left_border_color": "ffffffff",
    "top_left_border_style": "plain",
    "top_left_border_width": 0,
    "top_right_border_color": "ffffffff",
    "top_right_border_style": "plain",
    "top_right_border_width": 0
  },
  "spaip": {
    "background_gradient_bottom_color": "666666ff",
    "background_gradient_top_color": "a7aaabff",
    "background_style": "vg",
    "bg_type": "two",
    "bottom_left_border_color": "ffffffff",
    "bottom_left_border_style": "plain",
    "bottom_left_border_width": 0,
    "bottom_right_border_color": "ffffffff",
    "bottom_right_border_style": "plain",
    "bottom_right_border_width": 0,
    "font_size": 96,
    "isForked": true,
    "shadow": {
      "br": 2,
      "color": "000000ff",
      "inner": false,
      "nm": 0,
      "x": 0,
      "y": 2
    },
    "text_shadow": {
      "br": 0,
      "color": "000000ff",
      "x": 0,
      "y": -1
    },
    "top_left_border_color": "ffffffff",
    "top_left_border_style": "plain",
    "top_left_border_width": 0,
    "top_right_border_color": "ffffffff",
    "top_right_border_style": "plain",
    "top_right_border_width": 0
  },
  "spaipad": {
    "background_gradient_bottom_color": "666666ff",
    "background_gradient_top_color": "a7aaabff",
    "background_style": "vg",
    "bg_type": "two",
    "bottom_left_border_color": "ffffffff",
    "bottom_left_border_style": "plain",
    "bottom_left_border_width": 0,
    "bottom_right_border_color": "ffffffff",
    "bottom_right_border_style": "plain",
    "bottom_right_border_width": 0,
    "font_size": 96,
    "isForked": true,
    "shadow": {
      "br": 2,
      "color": "000000ff",
      "inner": false,
      "nm": 0,
      "x": 0,
      "y": 2
    },
    "text_shadow": {
      "br": 0,
      "color": "000000ff",
      "x": 0,
      "y": -1
    },
    "top_left_border_color": "ffffffff",
    "top_left_border_style": "plain",
    "top_left_border_width": 0,
    "top_right_border_color": "ffffffff",
    "top_right_border_style": "plain",
    "top_right_border_width": 0
  },
  "spawindowstablet": {
    "background_gradient_bottom_color": "666666ff",
    "background_gradient_top_color": "a7aaabff",
    "background_style": "vg",
    "bg_type": "two",
    "bottom_left_border_color": "ffffffff",
    "bottom_left_border_style": "plain",
    "bottom_left_border_width": 0,
    "bottom_right_border_color": "ffffffff",
    "bottom_right_border_style": "plain",
    "bottom_right_border_width": 0,
    "font_size": 96,
    "isForked": true,
    "shadow": {
      "br": 2,
      "color": "000000ff",
      "inner": false,
      "nm": 0,
      "x": 0,
      "y": 2
    },
    "text_shadow": {
      "br": 0,
      "color": "000000ff",
      "x": 0,
      "y": -1
    },
    "top_left_border_color": "ffffffff",
    "top_left_border_style": "plain",
    "top_left_border_width": 0,
    "top_right_border_color": "ffffffff",
    "top_right_border_style": "plain",
    "top_right_border_width": 0
  },
  "spawinphone8": {
    "background_gradient_bottom_color": "666666ff",
    "background_gradient_top_color": "a7aaabff",
    "background_style": "vg",
    "bg_type": "two",
    "bottom_left_border_color": "ffffffff",
    "bottom_left_border_style": "plain",
    "bottom_left_border_width": 0,
    "bottom_right_border_color": "ffffffff",
    "bottom_right_border_style": "plain",
    "bottom_right_border_width": 0,
    "font_size": 96,
    "isForked": true,
    "shadow": {
      "br": 2,
      "color": "000000ff",
      "inner": false,
      "nm": 0,
      "x": 0,
      "y": 2
    },
    "text_shadow": {
      "br": 0,
      "color": "000000ff",
      "x": 0,
      "y": -1
    },
    "top_left_border_color": "ffffffff",
    "top_left_border_style": "plain",
    "top_left_border_width": 0,
    "top_right_border_color": "ffffffff",
    "top_right_border_style": "plain",
    "top_right_border_width": 0
  },
  "tabrcandroid": {
    "background_gradient_bottom_color": "666666ff",
    "background_gradient_top_color": "a7aaabff",
    "background_style": "vg",
    "bg_type": "two",
    "border_color": "ffffff00",
    "border_radius": 64,
    "border_style": "custom",
    "border_type": 0,
    "border_width": 1,
    "font_size": 96,
    "isForked": true,
    "text_shadow": {
      "br": 0,
      "color": "000000ff",
      "x": 0,
      "y": -1
    }
  },
  "wType": "Button",
  "watchos": {
    "font_size": 96,
    "isForked": true
  },
  "windows8": {
    "background_gradient_bottom_color": "666666ff",
    "background_gradient_top_color": "a7aaabff",
    "background_style": "vg",
    "bg_type": "two",
    "border_color": "ffffff00",
    "border_radius": 64,
    "border_style": "custom",
    "border_type": 0,
    "border_width": 1,
    "font_size": 96,
    "isForked": true
  },
  "winphone8": {
    "background_gradient_bottom_color": "666666ff",
    "background_gradient_top_color": "a7aaabff",
    "background_style": "vg",
    "bg_type": "two",
    "border_color": "ffffff00",
    "border_radius": 64,
    "border_style": "custom",
    "border_type": 0,
    "border_width": 1,
    "font_size": 96,
    "isForked": true
  }
}