{
    "@class": "com.kony.gen.viz.model.component.KVizLabel",
    "DNDConfig": null,
    "__parentReadjusting__": false,
    "_height_": {
        "type": "ref",
        "value": "preferred"
    },
    "_left_": {
        "type": "string",
        "value": "5%"
    },
    "_margin_": [
        1,
        1,
        1,
        1
    ],
    "_padding_": [
        0,
        0,
        0,
        0
    ],
    "_skin_": "s3aa9400df6143bc911f2fa120937663",
    "_text_": "This form leads to the near by healthcare services by providing necessary details like near by hospitals and sending a notification for the ambulance drives within 5KMs distance and alerting them to reach the victim spot.",
    "_top_": {
        "type": "string",
        "value": "70%"
    },
    "_width_": {
        "type": "string",
        "value": "90%"
    },
    "_wrapping_": 2,
    "android": {
        "textStyle": {
            "letterSpacing": 0,
            "strikeThrough": false
        }
    },
    "canUpdateUI": true,
    "containerweight": 100,
    "contentalignment": 4,
    "id": "Label03fe89897799a41",
    "info": null,
    "ipad": {
        "psp": {
            "wrapping": 2
        }
    },
    "iphone": {
        "psp": {
            "wrapping": 2
        }
    },
    "isvisible": true,
    "kuid": "b6bf9eff66d54abf8c053597022cb451",
    "name": "kony.ui.Label",
    "parent": "frmHealthCare",
    "pf": "frmHealthCare",
    "tooltip": "",
    "wType": "Label",
    "zindex": 1
}