{
    "@class": "com.kony.gen.viz.model.component.KVizMap",
    "DNDConfig": null,
    "__parentReadjusting__": false,
    "_height_": {
        "type": "string",
        "value": "54.87%"
    },
    "_left_": {
        "type": "string",
        "value": "0dp"
    },
    "_margin_": [
        0,
        0,
        0,
        0
    ],
    "_mode_": 1,
    "_padding_": [
        0,
        0,
        0,
        0
    ],
    "_top_": {
        "type": "string",
        "value": "46dp"
    },
    "_width_": {
        "type": "string",
        "value": "100%"
    },
    "calloutwidth": 80,
    "canUpdateUI": true,
    "containerweight": 100,
    "defaultpinimage": "pinb.png",
    "id": "Map0ebd9652fe7bc42",
    "info": null,
    "isvisible": true,
    "kuid": "896a5d5adf3741538bfa1b7bab449d40",
    "locationdata": [
        {
            "desc": "Phoenix infocity, Gachibowli",
            "lat": "17.447326",
            "lon": "78.371358",
            "name": "KonyLabs(New)"
        },
        {
            "desc": "Mindspace, Hitech City",
            "lat": "17.441839",
            "lon": "78.380928",
            "name": "KonyLabs(Old)"
        },
        {
            "desc": "Orlando, US",
            "lat": "28.449340",
            "lon": "-81.481519",
            "name": "KonyLabs"
        }
    ],
    "mapsource": "non-native",
    "mapsrc": "non-native",
    "name": "kony.ui.Map",
    "parent": "frmHealthCare",
    "pf": "frmHealthCare",
    "provider": "google",
    "screenlevelwidget": false,
    "wType": "Map",
    "zindex": 1,
    "zoomlevel": 15
}