{
    "@class": "com.kony.gen.viz.model.component.KVizButton",
    "DNDConfig": null,
    "__parentReadjusting__": false,
    "_height_": {
        "type": "string",
        "value": "7%"
    },
    "_left_": {
        "type": "string",
        "value": "65.00%"
    },
    "_margin_": [
        6,
        6,
        6,
        6
    ],
    "_padding_": [
        0,
        0,
        0,
        0
    ],
    "_skin_": "s89abca92f334b90a602326d4e55014a",
    "_text_": "Add Image",
    "_top_": {
        "type": "string",
        "value": "77.03%"
    },
    "_width_": {
        "type": "string",
        "value": "30%"
    },
    "canUpdateUI": true,
    "containerweight": 100,
    "contentalignment": 5,
    "disabledSkins": {
        "focusSkin": "s8744b4d0557417bb5809b0755d67daa"
    },
    "displaytext": true,
    "id": "btnAddImg",
    "ide_onClick": "AS_Button_64ef041177f2408d8db6b329df1239af",
    "info": null,
    "isvisible": true,
    "kuid": "b57f7cf38a4d4a64b32bdecfd9e07058",
    "name": "kony.ui.Button",
    "parent": "flexOrganizeCampScroll",
    "pf": "frmCampaign",
    "wType": "Button",
    "zindex": 1
}