{
    "@class": "com.kony.gen.viz.model.component.KVizButton",
    "DNDConfig": null,
    "__parentReadjusting__": false,
    "_height_": {
        "type": "string",
        "value": "12%"
    },
    "_left_": {
        "type": "string",
        "value": "79%"
    },
    "_margin_": [
        6,
        6,
        6,
        6
    ],
    "_padding_": [
        0,
        0,
        0,
        0
    ],
    "_skin_": "s83bec6e82554926aebff2db8eaf5446",
    "_text_": "+",
    "_top_": {
        "type": "string",
        "value": "86%"
    },
    "_width_": {
        "type": "string",
        "value": "20%"
    },
    "canUpdateUI": true,
    "containerweight": 100,
    "contentalignment": 5,
    "disabledSkins": {
        "focusSkin": "s8744b4d0557417bb5809b0755d67daa"
    },
    "displaytext": true,
    "id": "btnCreate",
    "ide_onClick": "AS_Button_a470fb962a8344f4a1f823f94f20abc0",
    "info": null,
    "isvisible": true,
    "kuid": "a63f70c147a048c9bfd5c75baa5e81d4",
    "name": "kony.ui.Button",
    "parent": "frmCampaign",
    "pf": "frmCampaign",
    "wType": "Button",
    "zindex": 1
}