{
    "@class": "com.kony.gen.viz.model.component.KVizButton",
    "DNDConfig": null,
    "__parentReadjusting__": false,
    "_height_": {
        "type": "string",
        "value": "30dp"
    },
    "_margin_": [
        6,
        6,
        6,
        6
    ],
    "_padding_": [
        0,
        0,
        0,
        0
    ],
    "_skin_": "s414e2fb5ddd4bd19d6e25aa560930c9",
    "_text_": "Post",
    "_top_": {
        "type": "string",
        "value": "90%"
    },
    "_width_": {
        "type": "string",
        "value": "25%"
    },
    "canUpdateUI": true,
    "centerx": {
        "type": "string",
        "value": "50%"
    },
    "containerweight": 100,
    "contentalignment": 5,
    "disabledSkins": {
        "focusSkin": "s8744b4d0557417bb5809b0755d67daa"
    },
    "displaytext": true,
    "id": "btnPostCampaign",
    "ide_onClick": "AS_Button_3885911dee36427b95de398d4e57cf47",
    "info": null,
    "isvisible": true,
    "kuid": "b87decaa786844ae9815768fb39691e8",
    "name": "kony.ui.Button",
    "parent": "flexOrganizeCampScroll",
    "pf": "frmCampaign",
    "wType": "Button",
    "zindex": 1
}