{
    "@class": "com.kony.gen.viz.model.component.KVizDateField",
    "DNDConfig": null,
    "Image": "calbtn.png",
    "__id": "frmCampaign_datePicker",
    "__input": "datePicker",
    "__parentReadjusting__": false,
    "_data_": null,
    "_date_": [
        null,
        null,
        null
    ],
    "_height_": {
        "type": "string",
        "value": "7%"
    },
    "_left_": {
        "type": "string",
        "value": "2.45%"
    },
    "_margin_": [
        0,
        0,
        0,
        0
    ],
    "_padding_": [
        0,
        0,
        0,
        0
    ],
    "_placeholder_": "Date",
    "_skin_": "sc46b553f6304881b0d1b71c65eb689e",
    "_top_": {
        "type": "string",
        "value": "36%"
    },
    "_width_": {
        "type": "string",
        "value": "80%"
    },
    "advview": "default",
    "calendaricon": "calbtn.png",
    "canUpdateUI": true,
    "containerweight": 100,
    "contentalignment": 4,
    "datecomponents": null,
    "dateeditable": true,
    "dateformat": "yyyy/MM/dd",
    "datesGroup": [],
    "datesState": 0,
    "day": null,
    "daytextalignmentincell": 5,
    "displayedMonths": [
        5,
        2016
    ],
    "entereddate": null,
    "format": "yyyy/MM/dd",
    "formatteddate": null,
    "hidedaysheader": false,
    "hidemonthsheader": false,
    "hour": null,
    "id": "datePicker",
    "info": null,
    "isvisible": true,
    "kuid": "37f315e97cda4310b3862cdd0f12ea72",
    "minutes": null,
    "month": null,
    "monthsinrow": 3,
    "name": "kony.ui.Calendar",
    "navigatorAlert": "Invalid Selection",
    "noofmonths": 1,
    "pagedate": "/2016",
    "parent": "flexOrganizeCampScroll",
    "pf": "frmCampaign",
    "popupHeight": "auto",
    "popupWidth": "auto",
    "seconds": null,
    "selectdate": "//2016",
    "startDay": 0,
    "viewconfig": {
        "gridConfig": {},
        "gridconfig": ""
    },
    "viewtype": "default",
    "wType": "Calendar",
    "widgetalignment": 5,
    "widths": [
        "14.2857%;",
        "14.2857%;",
        "14.2857%;",
        "14.2857%;",
        "14.2857%;",
        "14.2857%;",
        "14.2857%;"
    ],
    "year": null,
    "zindex": 1
}