{
    "DNDConfig": null,
    "__parentReadjusting__": false,
    "_height_": {
        "type": "string",
        "value": "93%"
    },
    "_left_": {
        "type": "string",
        "value": "110%"
    },
    "_margin_": [
        0,
        0,
        0,
        0
    ],
    "_orientation_": 6,
    "_padding_": [
        0,
        0,
        0,
        0
    ],
    "_percent_": true,
    "_skin_": "s7a9110a162b446099efd721e936ca02",
    "_top_": {
        "type": "string",
        "value": "7%"
    },
    "_width_": {
        "type": "string",
        "value": "100%"
    },
    "allboxes": [],
    "allowhorizontalbounce": true,
    "allowverticalbounce": true,
    "bounces": false,
    "canUpdateUI": true,
    "children": [
        "tbxName",
        "lblNameBdr",
        "tbxAgenda",
        "lblAgendaBdr",
        "tbxLocation",
        "lblLocationBdr",
        "datePicker",
        "txtAreaDesc",
        "btnAddImg",
        "btnPostCampaign"
    ],
    "clipbounds": true,
    "containerweight": 100,
    "decelerat": false,
    "dragg": false,
    "enablescrolling": false,
    "horizontalscrollindicator": true,
    "id": "flexOrganizeCampScroll",
    "info": null,
    "isvisible": true,
    "kuid": "c1bc7f497740400981f796b50e18d437",
    "layouttype": 2,
    "name": "kony.ui.FlexScrollContainer",
    "pagingenabled": false,
    "parent": "frmCampaign",
    "pf": "frmCampaign",
    "scrolldirection": 2,
    "snapgridsize": 10,
    "snaptogrid": true,
    "track": false,
    "verticalscrollindicator": true,
    "wType": "FlexScrollContainer",
    "widgetalignment": 1,
    "zindex": 3
}