{
    "DNDConfig": null,
    "__parentReadjusting__": false,
    "_height_": {
        "type": "string",
        "value": "100%"
    },
    "_left_": {
        "type": "string",
        "value": "0%"
    },
    "_margin_": [
        0,
        0,
        0,
        0
    ],
    "_orientation_": 6,
    "_padding_": [
        0,
        0,
        0,
        0
    ],
    "_percent_": true,
    "_skin_": "s67d09d1c7704352abaefe78633d890b",
    "_top_": {
        "type": "string",
        "value": "0%"
    },
    "_width_": {
        "type": "string",
        "value": "10%"
    },
    "allboxes": [],
    "autogrowmode": 0,
    "canUpdateUI": true,
    "children": [
        "Image0bf378b89714c48"
    ],
    "clipbounds": true,
    "containerweight": 100,
    "enablescrolling": true,
    "id": "flxBackBtn",
    "ide_onClick": "AS_FlexContainer_33566fc0c5ce4d1181370848d5ae5b8b",
    "info": null,
    "isvisible": false,
    "kuid": "6e799de4547746a790b038fa25b46c44",
    "layouttype": 2,
    "name": "kony.ui.FlexContainer",
    "parent": "flxHeader",
    "pf": "frmCampaign",
    "snapgridsize": 10,
    "snaptogrid": true,
    "wType": "FlexContainer",
    "widgetalignment": 1,
    "zindex": 1
}