{
    "@class": "com.kony.gen.viz.model.component.KVizLabel",
    "DNDConfig": null,
    "__parentReadjusting__": false,
    "_height_": {
        "type": "string",
        "value": "0.10%"
    },
    "_left_": {
        "type": "string",
        "value": "2.94%"
    },
    "_margin_": [
        1,
        1,
        1,
        1
    ],
    "_padding_": [
        0,
        0,
        0,
        0
    ],
    "_skin_": "s3b173a7e30c497c8c5f0c05f9101e0d",
    "_text_": "Label",
    "_top_": {
        "type": "string",
        "value": "32%"
    },
    "_width_": {
        "type": "string",
        "value": "90%"
    },
    "_wrapping_": 2,
    "android": {
        "textStyle": {
            "letterSpacing": 0,
            "strikeThrough": false
        }
    },
    "canUpdateUI": true,
    "containerweight": 100,
    "contentalignment": 4,
    "id": "lblLocationBdr",
    "info": null,
    "ipad": {
        "psp": {
            "wrapping": 2
        }
    },
    "iphone": {
        "psp": {
            "wrapping": 2
        }
    },
    "isvisible": true,
    "kuid": "384654c5b29947b38393166f6b689fde",
    "name": "kony.ui.Label",
    "parent": "flexOrganizeCampScroll",
    "pf": "frmCampaign",
    "tooltip": "",
    "wType": "Label",
    "zindex": 1
}