{
    "@class": "com.kony.gen.viz.model.container.KVizSegment2",
    "DNDConfig": null,
    "__parentReadjusting__": false,
    "_bounces_": false,
    "_data_": [
        {
            "imgCampaign": {
                "@class": "com.viz.ide.model.segment.ImageSegmentData",
                "src": "campaign.png"
            },
            "lblDate": {
                "@class": "com.viz.ide.model.segment.SimpleTextSegmentData",
                "text": "Label"
            },
            "lblTitle": {
                "@class": "com.viz.ide.model.segment.SimpleTextSegmentData",
                "text": "Campaign Title"
            }
        },
        {
            "imgCampaign": {
                "@class": "com.viz.ide.model.segment.ImageSegmentData",
                "src": "campaign.png"
            },
            "lblDate": {
                "@class": "com.viz.ide.model.segment.SimpleTextSegmentData",
                "text": "Label"
            },
            "lblTitle": {
                "@class": "com.viz.ide.model.segment.SimpleTextSegmentData",
                "text": "Campaign Title"
            }
        },
        {
            "imgCampaign": {
                "@class": "com.viz.ide.model.segment.ImageSegmentData",
                "src": "campaign.png"
            },
            "lblDate": {
                "@class": "com.viz.ide.model.segment.SimpleTextSegmentData",
                "text": "Label"
            },
            "lblTitle": {
                "@class": "com.viz.ide.model.segment.SimpleTextSegmentData",
                "text": "Campaign Title"
            }
        }
    ],
    "_height_": {
        "type": "string",
        "value": "99%"
    },
    "_indicator_": "none",
    "_left_": {
        "type": "string",
        "value": "0%"
    },
    "_margin_": [
        0,
        0,
        0,
        0
    ],
    "_orientation_": 2,
    "_padding_": [
        0,
        0,
        0,
        0
    ],
    "_top_": {
        "type": "string",
        "value": "1%"
    },
    "_width_": {
        "type": "string",
        "value": "100%"
    },
    "autogrowmode": 0,
    "canUpdateUI": true,
    "containerweight": 100,
    "counter": "02",
    "focusedindex": null,
    "focuseditem": null,
    "groupcells": false,
    "hasSections": false,
    "id": "segCampList",
    "ide_onRowClick": "AS_Segment_a3c589f1b0504b70aa6390a9202a839a",
    "info": null,
    "ipad": {
        "psp": {
            "indicator": "rowselect"
        }
    },
    "iphone": {
        "psp": {
            "bounces": false,
            "indicator": "none",
            "showProgressIndicator": false
        }
    },
    "isvisible": true,
    "kuid": "b39f4c4036a64180a0cfc20a5438fbc8",
    "masterdata": {},
    "name": "kony.ui.SegmentedUI2",
    "needpageindicator": true,
    "pageoffdotimage": "pageOffDot.png",
    "pageondotimage": "pageOnDot.png",
    "paginationconfig": {
        "position": "bottom"
    },
    "parent": "flexCampListScroll",
    "pf": "frmCampaign",
    "retainselection": false,
    "rowTemplateId": "519fd15a27b14b4da4d06d0fee44459f",
    "rowcounter": 2,
    "rowfocusskin": "sa01802caae04faeaeefe16b7b57f502",
    "rowskin": "s2a02bd4136043838e07d290d6eeb24d",
    "rowtemplate": "flexTemplate",
    "screenlevelwidget": false,
    "seccounter": 0,
    "sectionheaderskin": "s68f89820bb9445baf924436c9cc6f17",
    "selectedRows": null,
    "selectedState": false,
    "selectedindex": null,
    "selectedindices": null,
    "selecteditems": null,
    "selectedsectionindex": 0,
    "selectionbehavior": "default",
    "separatorrequired": false,
    "showprogressindicator": false,
    "showscrollbars": false,
    "viewtype": "tableview",
    "wType": "Segment",
    "widgetalignment": 5,
    "widgetdatamap": {
        "FlexContainer0eef9df92304846": "FlexContainer0eef9df92304846",
        "flexTemplate": "flexTemplate",
        "flexTitle": "flexTitle",
        "imgCampaign": "imgCampaign",
        "lblDate": "lblDate",
        "lblTitle": "lblTitle"
    }
}