{
    "@class": "com.kony.gen.viz.model.component.KVizTextBox2",
    "DNDConfig": null,
    "__parentReadjusting__": false,
    "_height_": {
        "type": "string",
        "value": "7%"
    },
    "_left_": {
        "type": "string",
        "value": "2.64%"
    },
    "_margin_": [
        0,
        0,
        0,
        0
    ],
    "_padding_": [
        3,
        0,
        0,
        0
    ],
    "_placeholder_": "Agenda",
    "_skin_": "sf3c95f2d06d459487215abd6d6383b9",
    "_text_": "",
    "_top_": {
        "type": "string",
        "value": "18%"
    },
    "_width_": {
        "type": "string",
        "value": "90%"
    },
    "autocapitalize": "none",
    "autocomplete": false,
    "autocorrect": false,
    "autofilter": false,
    "canUpdateUI": true,
    "containerheight": "",
    "containerheightmode": 1,
    "containerweight": 100,
    "contentalignment": 4,
    "id": "tbxAgenda",
    "info": null,
    "isvisible": true,
    "keyboardtype": "A",
    "kuid": "87f9fe5f811f48ada2cf4c8aa71e93d6",
    "mode": "A",
    "name": "kony.ui.TextBox2",
    "parent": "flexOrganizeCampScroll",
    "pf": "frmCampaign",
    "securetextentry": false,
    "textinputmode": "A",
    "viewtype": "default",
    "vizProps": {
        "hide": false
    },
    "wType": "TextField"
}