{
    "@class": "com.kony.gen.viz.model.component.KVizButton",
    "DNDConfig": null,
    "__parentReadjusting__": false,
    "_height_": {
        "type": "string",
        "value": "5%"
    },
    "_margin_": [
        6,
        6,
        6,
        6
    ],
    "_padding_": [
        0,
        0,
        0,
        0
    ],
    "_skin_": "sb9fa4cdcb9e4cd0a7f49abd5fddfe6b",
    "_text_": "Join",
    "_top_": {
        "type": "string",
        "value": "1%"
    },
    "_width_": {
        "type": "string",
        "value": "20%"
    },
    "canUpdateUI": true,
    "centerx": {
        "type": "string",
        "value": "50%"
    },
    "containerweight": 100,
    "contentalignment": 5,
    "displaytext": true,
    "focusskin": "s8744b4d0557417bb5809b0755d67daa",
    "id": "btnJoin",
    "info": null,
    "isvisible": true,
    "kuid": "85954cef9ede403f9a950aad709417a9",
    "name": "kony.ui.Button",
    "parent": "flexContentScroll",
    "pf": "frmCampaignDescp",
    "wType": "Button",
    "zindex": 1
}