{
    "@class": "com.kony.gen.viz.model.component.KVizImage2",
    "DNDConfig": null,
    "__parentReadjusting__": false,
    "_base64_": null,
    "_height_": {
        "type": "string",
        "value": "30%"
    },
    "_left_": {
        "type": "string",
        "value": "0%"
    },
    "_margin_": [
        0,
        0,
        0,
        0
    ],
    "_padding_": [
        0,
        0,
        0,
        0
    ],
    "_skin_": "sf0502fffe624169b80d53436a6a47ee",
    "_src_": "imagedrag.png",
    "_top_": {
        "type": "string",
        "value": "0%"
    },
    "_width_": {
        "type": "string",
        "value": "100%"
    },
    "canUpdateUI": true,
    "containerweight": 100,
    "context": {
        "channel": "mobile",
        "formID": "frmCampaignDescp",
        "templateType": "forms",
        "topLevelBox": null
    },
    "id": "imgDescp",
    "imagescalemode": 1,
    "info": null,
    "isvisible": true,
    "kuid": "bb41b3d971e94495b74239b5ae328fed",
    "name": "kony.ui.Image2",
    "parent": "flexContentScroll",
    "pf": "frmCampaignDescp",
    "srcType": 1,
    "wType": "Image",
    "widgetalignment": 5
}